-- MySQL Script generated by MySQL Workbench
-- Wed Oct 24 19:23:08 2018
-- Model: New Model    Version: 1.0
-- MySQL Workbench Forward Engineering

SET @OLD_UNIQUE_CHECKS=@@UNIQUE_CHECKS, UNIQUE_CHECKS=0;
SET @OLD_FOREIGN_KEY_CHECKS=@@FOREIGN_KEY_CHECKS, FOREIGN_KEY_CHECKS=0;
SET @OLD_SQL_MODE=@@SQL_MODE, SQL_MODE='ONLY_FULL_GROUP_BY,STRICT_TRANS_TABLES,NO_ZERO_IN_DATE,NO_ZERO_DATE,ERROR_FOR_DIVISION_BY_ZERO,NO_ENGINE_SUBSTITUTION';

-- -----------------------------------------------------
-- Schema amigos
-- -----------------------------------------------------

-- -----------------------------------------------------
-- Schema amigos
-- -----------------------------------------------------
CREATE SCHEMA IF NOT EXISTS `amigos` DEFAULT CHARACTER SET utf8 ;
USE `amigos` ;

-- -----------------------------------------------------
-- Table `amigos`.`estado`
-- -----------------------------------------------------
CREATE TABLE IF NOT EXISTS `amigos`.`estado` (
  `idestado` INT NOT NULL AUTO_INCREMENT,
  `nome` VARCHAR(45) NULL,
  `uf` VARCHAR(2) NULL,
  PRIMARY KEY (`idestado`))
ENGINE = InnoDB;


-- -----------------------------------------------------
-- Table `amigos`.`cidade`
-- -----------------------------------------------------
CREATE TABLE IF NOT EXISTS `amigos`.`cidade` (
  `idcidade` INT NOT NULL AUTO_INCREMENT,
  `nome` VARCHAR(45) NULL,
  `idestado` INT NULL,
  PRIMARY KEY (`idcidade`),
  INDEX `idestado_idx` (`idestado` ASC) VISIBLE,
  CONSTRAINT `idestado`
    FOREIGN KEY (`idestado`)
    REFERENCES `amigos`.`estado` (`idestado`)
    ON DELETE NO ACTION
    ON UPDATE NO ACTION)
ENGINE = InnoDB;


-- -----------------------------------------------------
-- Table `amigos`.`endereco`
-- -----------------------------------------------------
CREATE TABLE IF NOT EXISTS `amigos`.`endereco` (
  `idendereco` INT NOT NULL AUTO_INCREMENT,
  `logradouro` VARCHAR(250) NULL,
  `numero` VARCHAR(6) NULL,
  `cep` VARCHAR(10) NULL,
  `bairro` VARCHAR(80) NULL,
  `idcidade` INT NULL,
  PRIMARY KEY (`idendereco`),
  INDEX `idcidade_idx` (`idcidade` ASC) VISIBLE,
  CONSTRAINT `idcidade`
    FOREIGN KEY (`idcidade`)
    REFERENCES `amigos`.`cidade` (`idcidade`)
    ON DELETE NO ACTION
    ON UPDATE NO ACTION)
ENGINE = InnoDB;


-- -----------------------------------------------------
-- Table `amigos`.`usuario`
-- -----------------------------------------------------
CREATE TABLE IF NOT EXISTS `amigos`.`usuario` (
  `idusuario` INT NOT NULL AUTO_INCREMENT,
  `nome` VARCHAR(200) NULL,
  `datanascimento` DATE NULL,
  `idendereco` INT NULL,
  PRIMARY KEY (`idusuario`),
  INDEX `idendereco_idx` (`idendereco` ASC) VISIBLE,
  CONSTRAINT `idendereco`
    FOREIGN KEY (`idendereco`)
    REFERENCES `amigos`.`endereco` (`idendereco`)
    ON DELETE NO ACTION
    ON UPDATE NO ACTION)
ENGINE = InnoDB;


-- -----------------------------------------------------
-- Table `amigos`.`status`
-- -----------------------------------------------------
CREATE TABLE IF NOT EXISTS `amigos`.`status` (
  `idstatus` INT NOT NULL AUTO_INCREMENT,
  `texto` VARCHAR(45) NULL,
  PRIMARY KEY (`idstatus`))
ENGINE = InnoDB;


-- -----------------------------------------------------
-- Table `amigos`.`amizade`
-- -----------------------------------------------------
CREATE TABLE IF NOT EXISTS `amigos`.`amizade` (
  `idamizade` INT NOT NULL AUTO_INCREMENT,
  `idsolicitante` INT NULL,
  `iddestinatario` INT NULL,
  `idstatus` INT NULL,
  PRIMARY KEY (`idamizade`),
  INDEX `idsolicitante_idx` (`idsolicitante` ASC) VISIBLE,
  INDEX `iddestinatario_idx` (`iddestinatario` ASC) VISIBLE,
  INDEX `idstatus_idx` (`idstatus` ASC) VISIBLE,
  CONSTRAINT `idsolicitante`
    FOREIGN KEY (`idsolicitante`)
    REFERENCES `amigos`.`usuario` (`idusuario`)
    ON DELETE NO ACTION
    ON UPDATE NO ACTION,
  CONSTRAINT `iddestinatario`
    FOREIGN KEY (`iddestinatario`)
    REFERENCES `amigos`.`usuario` (`idusuario`)
    ON DELETE NO ACTION
    ON UPDATE NO ACTION,
  CONSTRAINT `idstatus`
    FOREIGN KEY (`idstatus`)
    REFERENCES `amigos`.`status` (`idstatus`)
    ON DELETE NO ACTION
    ON UPDATE NO ACTION)
ENGINE = InnoDB;


SET SQL_MODE=@OLD_SQL_MODE;
SET FOREIGN_KEY_CHECKS=@OLD_FOREIGN_KEY_CHECKS;
SET UNIQUE_CHECKS=@OLD_UNIQUE_CHECKS;

-- -----------------------------------------------------
-- Data for table `amigos`.`estado`
-- -----------------------------------------------------
START TRANSACTION;
USE `amigos`;
INSERT INTO `amigos`.`estado` (`idestado`, `nome`, `uf`) VALUES (1, 'Paraná', 'PR');
INSERT INTO `amigos`.`estado` (`idestado`, `nome`, `uf`) VALUES (2, 'Santa Catarina', 'SC');
INSERT INTO `amigos`.`estado` (`idestado`, `nome`, `uf`) VALUES (3, 'Rio Grande do Sul', 'RS');

COMMIT;


-- -----------------------------------------------------
-- Data for table `amigos`.`cidade`
-- -----------------------------------------------------
START TRANSACTION;
USE `amigos`;
INSERT INTO `amigos`.`cidade` (`idcidade`, `nome`, `idestado`) VALUES (1, 'Curitiba', 1);
INSERT INTO `amigos`.`cidade` (`idcidade`, `nome`, `idestado`) VALUES (2, 'Maringá', 1);
INSERT INTO `amigos`.`cidade` (`idcidade`, `nome`, `idestado`) VALUES (3, 'Ponta Grossa', 1);
INSERT INTO `amigos`.`cidade` (`idcidade`, `nome`, `idestado`) VALUES (4, 'Videira', 2);
INSERT INTO `amigos`.`cidade` (`idcidade`, `nome`, `idestado`) VALUES (5, 'Fraiburgo', 2);
INSERT INTO `amigos`.`cidade` (`idcidade`, `nome`, `idestado`) VALUES (6, 'Caçador', 2);
INSERT INTO `amigos`.`cidade` (`idcidade`, `nome`, `idestado`) VALUES (7, 'Porto Alegre', 3);
INSERT INTO `amigos`.`cidade` (`idcidade`, `nome`, `idestado`) VALUES (8, 'Pelotas', 3);
INSERT INTO `amigos`.`cidade` (`idcidade`, `nome`, `idestado`) VALUES (9, 'Gramado', 3);

COMMIT;


-- -----------------------------------------------------
-- Data for table `amigos`.`endereco`
-- -----------------------------------------------------
START TRANSACTION;
USE `amigos`;
INSERT INTO `amigos`.`endereco` (`idendereco`, `logradouro`, `numero`, `cep`, `bairro`, `idcidade`) VALUES (1, 'Rua Cuiabá', '67', '82930-010', 'Cajuru', 1);
INSERT INTO `amigos`.`endereco` (`idendereco`, `logradouro`, `numero`, `cep`, `bairro`, `idcidade`) VALUES (2, 'Rua Marquês de Beccaria', '152', '81880-150', 'Pinheirinho', 1);
INSERT INTO `amigos`.`endereco` (`idendereco`, `logradouro`, `numero`, `cep`, `bairro`, `idcidade`) VALUES (3, 'Rua dos Coqueiros', '632', '87043-500', 'Conjunto João de Barro Itaparica', 2);
INSERT INTO `amigos`.`endereco` (`idendereco`, `logradouro`, `numero`, `cep`, `bairro`, `idcidade`) VALUES (4, 'Rua Pioneiro José de Paula', '766', '87035-500', 'Jardim Novo Alvorada', 2);
INSERT INTO `amigos`.`endereco` (`idendereco`, `logradouro`, `numero`, `cep`, `bairro`, `idcidade`) VALUES (5, 'Avenida Presidente Kennedy', '927', '84043-488', 'Cará-cará', 3);
INSERT INTO `amigos`.`endereco` (`idendereco`, `logradouro`, `numero`, `cep`, `bairro`, `idcidade`) VALUES (6, 'Rua Bela Vista do Paraíso', '773', '84062-500', 'Chapada', 3);
INSERT INTO `amigos`.`endereco` (`idendereco`, `logradouro`, `numero`, `cep`, `bairro`, `idcidade`) VALUES (7, 'Rua Pedro Andreazza 170', '621', '89560-972', 'Centro', 4);
INSERT INTO `amigos`.`endereco` (`idendereco`, `logradouro`, `numero`, `cep`, `bairro`, `idcidade`) VALUES (8, 'Rua Pedro Andreazza 170', '319', '89560-972', 'Centro', 4);
INSERT INTO `amigos`.`endereco` (`idendereco`, `logradouro`, `numero`, `cep`, `bairro`, `idcidade`) VALUES (9, 'Rua Marly 304', '377', '89580-970', 'Centro', 5);
INSERT INTO `amigos`.`endereco` (`idendereco`, `logradouro`, `numero`, `cep`, `bairro`, `idcidade`) VALUES (10, 'Rua Marly 304', '803', '89580-970', 'Centro', 5);
INSERT INTO `amigos`.`endereco` (`idendereco`, `logradouro`, `numero`, `cep`, `bairro`, `idcidade`) VALUES (11, 'Rua Carlos Sperança 267', '151', '89500-973', 'Centro', 6);
INSERT INTO `amigos`.`endereco` (`idendereco`, `logradouro`, `numero`, `cep`, `bairro`, `idcidade`) VALUES (12, 'Avenida Barão do Rio Branco 795', '891', '89500-970', 'Centro', 6);
INSERT INTO `amigos`.`endereco` (`idendereco`, `logradouro`, `numero`, `cep`, `bairro`, `idcidade`) VALUES (13, 'Travessa N Um', '833', '91230-724', 'Passo das Pedras', 7);
INSERT INTO `amigos`.`endereco` (`idendereco`, `logradouro`, `numero`, `cep`, `bairro`, `idcidade`) VALUES (14, 'Rua Mário Marassa', '997', '91530-550', 'Partenon', 7);
INSERT INTO `amigos`.`endereco` (`idendereco`, `logradouro`, `numero`, `cep`, `bairro`, `idcidade`) VALUES (15, 'Rua Um', '124', '96065-032', 'Três Vendas', 8);
INSERT INTO `amigos`.`endereco` (`idendereco`, `logradouro`, `numero`, `cep`, `bairro`, `idcidade`) VALUES (16, 'Avenida Três', '893', '96071-464', 'Três Vendas', 8);
INSERT INTO `amigos`.`endereco` (`idendereco`, `logradouro`, `numero`, `cep`, `bairro`, `idcidade`) VALUES (17, 'Rua Principal, s/n', '574', '95670-975', 'Serra Grande Italiana', 9);
INSERT INTO `amigos`.`endereco` (`idendereco`, `logradouro`, `numero`, `cep`, `bairro`, `idcidade`) VALUES (18, 'Rua Garibaldi 520', '811', '95670-970', 'Centro', 9);

COMMIT;


-- -----------------------------------------------------
-- Data for table `amigos`.`usuario`
-- -----------------------------------------------------
START TRANSACTION;
USE `amigos`;
INSERT INTO `amigos`.`usuario` (`idusuario`, `nome`, `datanascimento`, `idendereco`) VALUES (1, 'Cauê Mário Ribeiro', '1996-06-15', 1);
INSERT INTO `amigos`.`usuario` (`idusuario`, `nome`, `datanascimento`, `idendereco`) VALUES (2, 'Sarah Stella', '1990-03-05', 2);
INSERT INTO `amigos`.`usuario` (`idusuario`, `nome`, `datanascimento`, `idendereco`) VALUES (3, 'Murilo Tiago Ribeiro', '1983-07-22', 3);
INSERT INTO `amigos`.`usuario` (`idusuario`, `nome`, `datanascimento`, `idendereco`) VALUES (4, 'Pedro  Thiago da Costa', '1996-08-17', 4);
INSERT INTO `amigos`.`usuario` (`idusuario`, `nome`, `datanascimento`, `idendereco`) VALUES (5, 'Matheus Hugo da Costa', '1982-04-22', 5);
INSERT INTO `amigos`.`usuario` (`idusuario`, `nome`, `datanascimento`, `idendereco`) VALUES (6, 'Mariana Carolina Isis', '1963-02-08', 6);
INSERT INTO `amigos`.`usuario` (`idusuario`, `nome`, `datanascimento`, `idendereco`) VALUES (7, 'Cláudio Kevin Nicolas Duarte', '1972-03-26', 7);
INSERT INTO `amigos`.`usuario` (`idusuario`, `nome`, `datanascimento`, `idendereco`) VALUES (8, 'Jaqueline Isabela Cristiane', '1969-09-07', 8);
INSERT INTO `amigos`.`usuario` (`idusuario`, `nome`, `datanascimento`, `idendereco`) VALUES (9, 'Anthony Nathan Kaique Duarte', '1985-11-19', 9);
INSERT INTO `amigos`.`usuario` (`idusuario`, `nome`, `datanascimento`, `idendereco`) VALUES (10, 'Cauê Severino Silveira', '1987-07-15', 10);
INSERT INTO `amigos`.`usuario` (`idusuario`, `nome`, `datanascimento`, `idendereco`) VALUES (11, 'Renata Marli', '1975-02-15', 11);
INSERT INTO `amigos`.`usuario` (`idusuario`, `nome`, `datanascimento`, `idendereco`) VALUES (12, 'André Márcio Kauê Silveira', '1989-06-22', 12);
INSERT INTO `amigos`.`usuario` (`idusuario`, `nome`, `datanascimento`, `idendereco`) VALUES (13, 'André João Diogo Pinto', '1985-12-25', 13);
INSERT INTO `amigos`.`usuario` (`idusuario`, `nome`, `datanascimento`, `idendereco`) VALUES (14, 'Elaine Sara', '1992-01-01', 14);
INSERT INTO `amigos`.`usuario` (`idusuario`, `nome`, `datanascimento`, `idendereco`) VALUES (15, 'Vicente Thomas Márcio Pinto', '1998-06-21', 15);
INSERT INTO `amigos`.`usuario` (`idusuario`, `nome`, `datanascimento`, `idendereco`) VALUES (16, 'Benedito Henrique César Pires', '1992-04-15', 16);
INSERT INTO `amigos`.`usuario` (`idusuario`, `nome`, `datanascimento`, `idendereco`) VALUES (17, 'Isabelly Carla', '1996-08-18', 17);
INSERT INTO `amigos`.`usuario` (`idusuario`, `nome`, `datanascimento`, `idendereco`) VALUES (18, 'Paulo Renan Pires', '1990-11-24', 18);

COMMIT;


-- -----------------------------------------------------
-- Data for table `amigos`.`status`
-- -----------------------------------------------------
START TRANSACTION;
USE `amigos`;
INSERT INTO `amigos`.`status` (`idstatus`, `texto`) VALUES (1, 'Solicitado');
INSERT INTO `amigos`.`status` (`idstatus`, `texto`) VALUES (2, 'Aceite');

COMMIT;


-- -----------------------------------------------------
-- Data for table `amigos`.`amizade`
-- -----------------------------------------------------
START TRANSACTION;
USE `amigos`;
INSERT INTO `amigos`.`amizade` (`idamizade`, `idsolicitante`, `iddestinatario`, `idstatus`) VALUES (1, 1, 2, 2);
INSERT INTO `amigos`.`amizade` (`idamizade`, `idsolicitante`, `iddestinatario`, `idstatus`) VALUES (2, 1, 7, 1);
INSERT INTO `amigos`.`amizade` (`idamizade`, `idsolicitante`, `iddestinatario`, `idstatus`) VALUES (3, 1, 8, 2);
INSERT INTO `amigos`.`amizade` (`idamizade`, `idsolicitante`, `iddestinatario`, `idstatus`) VALUES (4, 1, 9, 1);
INSERT INTO `amigos`.`amizade` (`idamizade`, `idsolicitante`, `iddestinatario`, `idstatus`) VALUES (5, 1, 12, 2);
INSERT INTO `amigos`.`amizade` (`idamizade`, `idsolicitante`, `iddestinatario`, `idstatus`) VALUES (6, 2, 1, 2);
INSERT INTO `amigos`.`amizade` (`idamizade`, `idsolicitante`, `iddestinatario`, `idstatus`) VALUES (7, 2, 3, 1);
INSERT INTO `amigos`.`amizade` (`idamizade`, `idsolicitante`, `iddestinatario`, `idstatus`) VALUES (8, 2, 4, 2);
INSERT INTO `amigos`.`amizade` (`idamizade`, `idsolicitante`, `iddestinatario`, `idstatus`) VALUES (9, 2, 6, 1);
INSERT INTO `amigos`.`amizade` (`idamizade`, `idsolicitante`, `iddestinatario`, `idstatus`) VALUES (10, 2, 8, 2);
INSERT INTO `amigos`.`amizade` (`idamizade`, `idsolicitante`, `iddestinatario`, `idstatus`) VALUES (11, 3, 8, 1);
INSERT INTO `amigos`.`amizade` (`idamizade`, `idsolicitante`, `iddestinatario`, `idstatus`) VALUES (12, 3, 12, 2);
INSERT INTO `amigos`.`amizade` (`idamizade`, `idsolicitante`, `iddestinatario`, `idstatus`) VALUES (13, 4, 13, 2);
INSERT INTO `amigos`.`amizade` (`idamizade`, `idsolicitante`, `iddestinatario`, `idstatus`) VALUES (14, 4, 5, 2);
INSERT INTO `amigos`.`amizade` (`idamizade`, `idsolicitante`, `iddestinatario`, `idstatus`) VALUES (15, 5, 11, 1);
INSERT INTO `amigos`.`amizade` (`idamizade`, `idsolicitante`, `iddestinatario`, `idstatus`) VALUES (16, 5, 7, 1);
INSERT INTO `amigos`.`amizade` (`idamizade`, `idsolicitante`, `iddestinatario`, `idstatus`) VALUES (17, 6, 5, 2);
INSERT INTO `amigos`.`amizade` (`idamizade`, `idsolicitante`, `iddestinatario`, `idstatus`) VALUES (18, 6, 9, 2);
INSERT INTO `amigos`.`amizade` (`idamizade`, `idsolicitante`, `iddestinatario`, `idstatus`) VALUES (19, 7, 3, 2);
INSERT INTO `amigos`.`amizade` (`idamizade`, `idsolicitante`, `iddestinatario`, `idstatus`) VALUES (20, 7, 1, 1);
INSERT INTO `amigos`.`amizade` (`idamizade`, `idsolicitante`, `iddestinatario`, `idstatus`) VALUES (21, 8, 1, 1);
INSERT INTO `amigos`.`amizade` (`idamizade`, `idsolicitante`, `iddestinatario`, `idstatus`) VALUES (22, 8, 18, 2);
INSERT INTO `amigos`.`amizade` (`idamizade`, `idsolicitante`, `iddestinatario`, `idstatus`) VALUES (23, 9, 10, 1);
INSERT INTO `amigos`.`amizade` (`idamizade`, `idsolicitante`, `iddestinatario`, `idstatus`) VALUES (24, 9, 17, 2);
INSERT INTO `amigos`.`amizade` (`idamizade`, `idsolicitante`, `iddestinatario`, `idstatus`) VALUES (25, 10, 5, 1);
INSERT INTO `amigos`.`amizade` (`idamizade`, `idsolicitante`, `iddestinatario`, `idstatus`) VALUES (26, 10, 8, 2);
INSERT INTO `amigos`.`amizade` (`idamizade`, `idsolicitante`, `iddestinatario`, `idstatus`) VALUES (27, 11, 3, 2);
INSERT INTO `amigos`.`amizade` (`idamizade`, `idsolicitante`, `iddestinatario`, `idstatus`) VALUES (28, 11, 17, 2);
INSERT INTO `amigos`.`amizade` (`idamizade`, `idsolicitante`, `iddestinatario`, `idstatus`) VALUES (29, 12, 11, 2);
INSERT INTO `amigos`.`amizade` (`idamizade`, `idsolicitante`, `iddestinatario`, `idstatus`) VALUES (30, 12, 10, 1);
INSERT INTO `amigos`.`amizade` (`idamizade`, `idsolicitante`, `iddestinatario`, `idstatus`) VALUES (31, 13, 12, 1);
INSERT INTO `amigos`.`amizade` (`idamizade`, `idsolicitante`, `iddestinatario`, `idstatus`) VALUES (32, 13, 7, 2);
INSERT INTO `amigos`.`amizade` (`idamizade`, `idsolicitante`, `iddestinatario`, `idstatus`) VALUES (33, 14, 6, 2);
INSERT INTO `amigos`.`amizade` (`idamizade`, `idsolicitante`, `iddestinatario`, `idstatus`) VALUES (34, 14, 3, 2);
INSERT INTO `amigos`.`amizade` (`idamizade`, `idsolicitante`, `iddestinatario`, `idstatus`) VALUES (35, 15, 2, 2);
INSERT INTO `amigos`.`amizade` (`idamizade`, `idsolicitante`, `iddestinatario`, `idstatus`) VALUES (36, 15, 9, 2);
INSERT INTO `amigos`.`amizade` (`idamizade`, `idsolicitante`, `iddestinatario`, `idstatus`) VALUES (38, 16, 16, 1);
INSERT INTO `amigos`.`amizade` (`idamizade`, `idsolicitante`, `iddestinatario`, `idstatus`) VALUES (39, 16, 15, 2);
INSERT INTO `amigos`.`amizade` (`idamizade`, `idsolicitante`, `iddestinatario`, `idstatus`) VALUES (40, 17, 13, 2);
INSERT INTO `amigos`.`amizade` (`idamizade`, `idsolicitante`, `iddestinatario`, `idstatus`) VALUES (41, 17, 18, 2);
INSERT INTO `amigos`.`amizade` (`idamizade`, `idsolicitante`, `iddestinatario`, `idstatus`) VALUES (42, 18, 10, 1);
INSERT INTO `amigos`.`amizade` (`idamizade`, `idsolicitante`, `iddestinatario`, `idstatus`) VALUES (43, 18, 9, 2);

COMMIT;

